exp	mut	pos	aa	minus_delta_log_Kd_DMS	minus_delta_log_Kd_BLI
WT_fluB	V102L	102	L	0.3107256853442601	0.9306864770902799
WT_fluB	T83E	83	E	0.3617307066534332	0.554030189595716
WT_fluB	S52V	52	V	-2.1003958571649113	-4
WT_fluB	S52G	52	G	-1.8591604570276103	-4
WT_fluB	S24L	24	L	-1.807493931887426	-4
WT_fluB	I73W	73	W	-1.8599755403090947	-4
WT_fluB	D46E	46	E	0.4208517700815628	0.8005525680014252
GL_miniH1	I52G	52	G	0.3460733241679392	-0.040027648829560114
WT_fluB	WT	WT	WT	-0.2422030876182663	0.0
WT_H3	WT	WT	WT	-0.368784602142127	0.0
WT_miniH1	WT	WT	WT	-0.155360646359858	0.0
GL_miniH1	WT	WT	WT	-0.06953797516395	0.0
WT_H3	D46E	46	E	0.2024170783536973	0.2775930408797169
WT_H3	S52G	52	G	-1.5423170341997166	-4
WT_H3	S52V	52	V	-2.268466676824917	-4
WT_H3	I73W	73	W	-1.9071252278873905	-4
WT_H3	T83E	83	E	0.1092278252855427	0.30986504946443016
WT_H3	V102L	102	L	0.0366114786752813	1.1660838945457153
GL_miniH1	V102L	102	L	-0.5474005603921341	-0.2281278153582571
WT_H3	F54H	54	H	-0.6508698962845365	0.23235801674101442
WT_miniH1	F54H	54	H	-0.3501612871285946	-0.753889331459833
WT_miniH1	I73W	73	W	-0.1767460532179985	-1.255031163345551
GL_miniH1	K73W	73	W	nan	0.48664158696668025
GL_miniH1	R83E	83	E	0.1372364009431237	0.40336139417881967
WT_miniH1	S24L	24	L	0.3395069594796407	-1.3298045221640695
WT_miniH1	D46E	46	E	0.0880774208424934	0.0
WT_miniH1	S52G	52	G	-0.1519744344616516	-1.5788683286660294
WT_miniH1	S52V	52	V	-0.8851070994188088	-3.0342272607705505
WT_miniH1	T83E	83	E	0.0839943594611813	0.0
WT_miniH1	V102L	102	L	-0.0331554200571542	0.0
GL_miniH1	I52V	52	V	0.3093870535037837	0.13745438078644767
GL_miniH1	F54H	54	H	-3.743273211609891	-4
WT_miniH1	S24F	24	F	0.3094707823590337	-1.3354579006893843
WT_fluB	S24F	24	F	-1.8150303149451092	-4
WT_H3	S24F	24	F	0.016490741696594	-0.49530504364987493
WT_fluB	F54H	54	H	-0.1401215925730445	0.028186965351639337
WT_H3	S24L	24	L	-0.0718523570500346	-4
WT_H3	I73W/F74S	73W/F74	S	nan	-4
WT_miniH1	I73W/F74S	73W/F74	S	nan	-1.690904554054967
WT_fluB	I73W/F74S	73W/F74	S	nan	-4
